distance,latitude,longitude
0.0,10.154017900826446,76.39047789256198
23237.478609194917,10.52494948845709,76.58234041490832
46474.957218389834,10.617069570211367,76.62216510414866
69712.43582758475,10.744981640783465,76.67727378319731
92949.91443677967,10.899405328999595,76.74344717611365
116187.39304597459,11.071663354986079,76.81661927614557
139424.8716551695,11.254918481248897,76.89334782375633
162662.35026436442,11.44454794709975,76.97095810335946
185899.82887355934,11.63785731954636,77.0474945942375
209137.30748275426,11.833494424130453,77.12161414327043
232374.78609194918,12.030871437328821,77.19247040309878
255612.2647011441,12.229756394910055,77.2595690764727
278849.743310339,12.430055800735406,77.32257733830143
302087.2219195339,12.631734769849054,77.3811148470132
325324.70052872883,12.834790468126208,77.43463524515647
348562.17913792375,13.039223980977884,77.4824671605901
371799.6577471187,13.244996785214937,77.52401362931182
395037.1363563136,13.451989295996071,77.55902710723274
418274.6149655085,13.659994178725313,77.58779570085025
441512.09357470344,13.868748876439234,77.61114370801404
464749.57218389836,14.077990257207029,77.63024763818038
487987.0507930933,14.287502572763692,77.64636542437388
511224.5294022882,14.497139395577216,77.66060057517282
534462.0080114831,14.706818779333634,77.67377669015137
557699.486620678,14.916504066290479,77.68642575674392
580936.965229873,15.12618327321229,77.69884830309104
604174.4438390678,15.335854622882383,77.71119366446507
627411.9224482628,15.545519137654667,77.72352719827802
650649.4010574577,15.75517799606715,77.73587310045372
673886.8796666526,15.96483193622853,77.74823846051845
697124.3582758475,16.174481506674212,77.76062136448084
720361.8368850425,16.384128168678938,77.77301014124134
743599.3154942374,16.593774567840622,77.78537760976337
766836.7941034322,16.80342580561688,77.79767189183654
790074.2727126272,17.01309018178446,77.80980952963448
813311.751321822,17.222771830181234,77.82169543604259
836549.229931017,17.43247073978548,77.83324229819674
859786.7085402119,17.642155763226675,77.84446492845426
883024.1871494069,17.851726598774675,77.85558936770911
906261.6657586017,18.06094984876272,77.8671754652133
929499.1443677967,18.269377198585083,77.88019984581798
952736.6229769916,18.476278771059548,77.89602257846406
975974.1015861866,18.680658965624385,77.91613679507235
999211.5801953814,18.881432743237916,77.94162674346428
1022449.0588045764,19.077784501635573,77.97239697917226
1045686.5374137713,19.269604984724822,78.00647351445231
1068924.0160229662,19.45777945373584,78.03984854454167
1092161.4946321612,19.64410508151443,78.06721075394807
1115398.973241356,19.83079878709301,78.08342899758975
1138636.451850551,20.019811268287498,78.08513667860795
1161873.930459746,20.2122903616428,78.07162948473182
1185111.4090689407,20.408430720877487,78.04468713939059
1208348.8876781357,20.607700167080992,78.00756290897185
1231586.3662873306,20.80924003118961,77.96376934333017
1254823.8448965256,21.012216032710207,77.9162191598947
1278061.3235057204,21.216006513992106,77.86693029635633
1301298.8021149153,21.42023985528106,77.81716655953001
1324536.2807241103,21.624750411210314,77.76776131388607
1347773.7593333053,21.829514059118587,77.71940852666404
1371011.2379425,22.03459038702875,77.67281044107787
1394248.716551695,22.24007573635263,77.62866111964058
1417486.19516089,22.44605424310416,77.58753615954578
1440723.673770085,22.652572971168222,77.5497231573787
1463961.1523792797,22.85961998678833,77.51515092224943
1487198.6309884747,23.067128897667324,77.48342284114534
1510436.1095976697,23.275000652690387,77.4539585047731
1533673.5882068644,23.483132299905677,77.42618294563923
1556911.0668160594,23.69144121343571,77.39969284170664
1580148.5454252544,23.899877792197763,77.37435089470321
1603386.0240344494,24.108425913310793,77.3502934575013
1626623.502643644,24.31709428007176,77.3278591813744
1649860.981252839,24.525903126022595,77.30746318834036
1673098.459862034,24.73487066633467,77.28945557692897
1696335.938471229,24.944003134856445,77.27401181255291
1719573.4170804238,25.153290926577828,77.26109300077484
1742810.8956896188,25.362711062540416,77.25048259372261
1766048.3742988138,25.57224333310147,77.24185631906077
1789285.8529080087,25.78186817852469,77.23486757582522
1812523.3315172035,25.991602905201987,77.2291461703479
1835760.8101263985,26.201519525524564,77.22425138027026
1858998.2887355934,26.41179394694349,77.21952942441608
1882235.7673447882,26.622726382980584,77.21396423321292
1905473.2459539832,26.834681810922188,77.20607352057726
1928710.7245631781,27.047839317917983,77.19400978454834
1951948.2031723731,27.261670701136268,77.17602415006688
1975185.6817815679,27.47421342681348,77.15130805352518
1998423.1603907628,27.681440845353922,77.120918179492
2021660.6389999578,27.877202078670074,77.08820183110485
2044898.1176091528,28.05409337580691,77.05818829636456
2068135.5962183475,28.205176159123287,77.03594739860029
2091373.0748275425,28.325912421055563,77.02464328205579
2114610.5534367375,28.415447948993123,77.02435022427053
2137848.0320459325,28.476662766544308,77.03229043504439
2161085.5106551275,28.515050052877974,77.04426967744763
2184322.9892643224,28.537038838942223,77.05640835126533
2207560.467873517,28.548505409323198,77.06627082451494
2230797.946482712,28.553933270092166,77.07305338591792
2254035.425091907,28.556260709707438,77.07708396906672
2277272.903701102,28.557156038543432,77.07915266796645
2300510.382310297,28.557446262260775,77.07998198322059
