Timestamp,UTC,Callsign,Position,Altitude,Speed,Direction
1735913039,2025-01-03T14:03:59Z,AIC2886,"10.15432,76.389717",0,0,357
1735914757,2025-01-03T14:32:37Z,AIC2886,"10.154091,76.389709",0,2,2
1735914783,2025-01-03T14:33:03Z,AIC2886,"10.153816,76.389717",0,0,14
1735914802,2025-01-03T14:33:22Z,AIC2886,"10.15361,76.389694",0,2,45
1735914837,2025-01-03T14:33:57Z,AIC2886,"10.153439,76.389488",0,0,90
1735915071,2025-01-03T14:37:51Z,AIC2886,"10.153439,76.389763",0,5,87
1735915089,2025-01-03T14:38:09Z,AIC2886,"10.153462,76.390343",0,8,87
1735915101,2025-01-03T14:38:21Z,AIC2886,"10.153484,76.390884",0,11,87
1735915109,2025-01-03T14:38:29Z,AIC2886,"10.153508,76.391373",0,12,87
1735915134,2025-01-03T14:38:54Z,AIC2886,"10.153564,76.393005",0,0,87
1735915360,2025-01-03T14:42:40Z,AIC2886,"10.153118,76.408913",0,0,87
1735915369,2025-01-03T14:42:49Z,AIC2886,"10.153159,76.410004",0,28,87
1735915376,2025-01-03T14:42:56Z,AIC2886,"10.153194,76.410988",0,23,87
1735915384,2025-01-03T14:43:04Z,AIC2886,"10.153221,76.411736",0,18,87
1735915392,2025-01-03T14:43:12Z,AIC2886,"10.153244,76.412331",0,19,87
1735915400,2025-01-03T14:43:20Z,AIC2886,"10.153264,76.413025",0,20,87
1735915407,2025-01-03T14:43:27Z,AIC2886,"10.15329,76.413918",0,21,87
1735915414,2025-01-03T14:43:34Z,AIC2886,"10.153313,76.414497",0,19,87
1735915422,2025-01-03T14:43:42Z,AIC2886,"10.153347,76.415222",0,14,87
1735915430,2025-01-03T14:43:50Z,AIC2886,"10.153358,76.415565",0,9,90
1735915437,2025-01-03T14:43:57Z,AIC2886,"10.153217,76.41581",0,8,126
1735915443,2025-01-03T14:44:03Z,AIC2886,"10.153004,76.415886",0,8,160
1735915449,2025-01-03T14:44:09Z,AIC2886,"10.152786,76.415886",0,5,177
1735915612,2025-01-03T14:46:52Z,AIC2886,"10.152569,76.415886",0,5,177
1735915618,2025-01-03T14:46:58Z,AIC2886,"10.152333,76.415894",0,9,177
1735915627,2025-01-03T14:47:07Z,AIC2886,"10.151902,76.415878",0,11,185
1735915633,2025-01-03T14:47:13Z,AIC2886,"10.151693,76.415726",0,11,222
1735915637,2025-01-03T14:47:17Z,AIC2886,"10.151619,76.415428",0,15,258
1735915641,2025-01-03T14:47:21Z,AIC2886,"10.151611,76.415169",0,22,267
1735915643,2025-01-03T14:47:23Z,AIC2886,"10.1516,76.41481",0,31,267
1735915645,2025-01-03T14:47:25Z,AIC2886,"10.151585,76.414413",0,41,267
1735915647,2025-01-03T14:47:27Z,AIC2886,"10.151573,76.414207",0,46,267
1735915649,2025-01-03T14:47:29Z,AIC2886,"10.151542,76.41333",0,63,267
1735915655,2025-01-03T14:47:35Z,AIC2886,"10.151459,76.410751",0,63,267
1735915659,2025-01-03T14:47:39Z,AIC2886,"10.151367,76.40847",0,63,267
1735915661,2025-01-03T14:47:41Z,AIC2886,"10.151321,76.407814",0,0,267
1735915677,2025-01-03T14:47:57Z,AIC2886,"10.150955,76.395943",400,169,267
1735915683,2025-01-03T14:48:03Z,AIC2886,"10.150808,76.390831",775,165,268
1735915690,2025-01-03T14:48:10Z,AIC2886,"10.150681,76.385704",1150,164,268
1735915698,2025-01-03T14:48:18Z,AIC2886,"10.150436,76.378708",1425,174,267
1735915705,2025-01-03T14:48:25Z,AIC2886,"10.150249,76.373161",1625,182,267
1735915714,2025-01-03T14:48:34Z,AIC2886,"10.149857,76.365639",1875,193,266
1735915723,2025-01-03T14:48:43Z,AIC2886,"10.149412,76.357727",2100,205,266
1735915731,2025-01-03T14:48:51Z,AIC2886,"10.148993,76.348351",2350,219,269
1735915734,2025-01-03T14:48:54Z,AIC2886,"10.149039,76.346077",2400,222,272
1735915736,2025-01-03T14:48:56Z,AIC2886,"10.149179,76.344513",2425,225,275
1735915738,2025-01-03T14:48:58Z,AIC2886,"10.149459,76.342339",2475,227,279
1735915740,2025-01-03T14:49:00Z,AIC2886,"10.149948,76.34008",2550,229,283
1735915743,2025-01-03T14:49:03Z,AIC2886,"10.151093,76.336456",2650,233,290
1735915745,2025-01-03T14:49:05Z,AIC2886,"10.152251,76.333862",2725,236,296
1735915748,2025-01-03T14:49:08Z,AIC2886,"10.15329,76.332077",2800,237,300
1735915750,2025-01-03T14:49:10Z,AIC2886,"10.154663,76.329933",2900,238,305
1735915752,2025-01-03T14:49:12Z,AIC2886,"10.156082,76.328163",3000,238,309
1735915754,2025-01-03T14:49:14Z,AIC2886,"10.157547,76.326538",3100,238,313
1735915756,2025-01-03T14:49:16Z,AIC2886,"10.159374,76.32486",3225,238,317
1735915758,2025-01-03T14:49:18Z,AIC2886,"10.161003,76.32354",3325,238,321
1735915761,2025-01-03T14:49:21Z,AIC2886,"10.163657,76.321739",3475,239,325
1735915763,2025-01-03T14:49:23Z,AIC2886,"10.165558,76.320671",3575,239,331
1735915765,2025-01-03T14:49:25Z,AIC2886,"10.167521,76.319702",3675,239,335
1735915767,2025-01-03T14:49:27Z,AIC2886,"10.169802,76.318756",3775,240,339
1735915769,2025-01-03T14:49:29Z,AIC2886,"10.172036,76.318047",3875,241,343
1735915771,2025-01-03T14:49:31Z,AIC2886,"10.174131,76.31752",3975,242,347
1735915773,2025-01-03T14:49:33Z,AIC2886,"10.176226,76.317146",4050,242,351
1735915775,2025-01-03T14:49:35Z,AIC2886,"10.17897,76.316902",4175,242,355
1735915777,2025-01-03T14:49:37Z,AIC2886,"10.1813,76.316811",4275,244,358
1735915779,2025-01-03T14:49:39Z,AIC2886,"10.183182,76.316856",4375,244,359
1735915781,2025-01-03T14:49:41Z,AIC2886,"10.185863,76.316956",4475,245,2
1735915783,2025-01-03T14:49:43Z,AIC2886,"10.188376,76.317146",4575,246,3
1735915786,2025-01-03T14:49:46Z,AIC2886,"10.190703,76.317337",4650,250,5
1735915788,2025-01-03T14:49:48Z,AIC2886,"10.193031,76.317574",4725,252,5
1735915790,2025-01-03T14:49:50Z,AIC2886,"10.195541,76.317833",4775,255,6
1735915792,2025-01-03T14:49:52Z,AIC2886,"10.198339,76.318184",4850,257,6
1735915794,2025-01-03T14:49:54Z,AIC2886,"10.201085,76.31852",4925,260,7
1735915796,2025-01-03T14:49:56Z,AIC2886,"10.20369,76.318855",4975,263,7
1735915798,2025-01-03T14:49:58Z,AIC2886,"10.206024,76.319183",5050,267,7
1735915801,2025-01-03T14:50:01Z,AIC2886,"10.208673,76.319511",5100,269,7
1735915803,2025-01-03T14:50:03Z,AIC2886,"10.211105,76.319878",5175,271,7
1735915805,2025-01-03T14:50:05Z,AIC2886,"10.214306,76.32032",5275,273,7
1735915820,2025-01-03T14:50:20Z,AIC2886,"10.232803,76.322861",6100,272,7
1735915833,2025-01-03T14:50:33Z,AIC2886,"10.25061,76.325188",6775,280,7
1735915846,2025-01-03T14:50:46Z,AIC2886,"10.267456,76.327232",7425,282,6
1735915859,2025-01-03T14:50:59Z,AIC2886,"10.282644,76.330452",8125,276,18
1735915861,2025-01-03T14:51:01Z,AIC2886,"10.285158,76.331352",8250,275,20
1735915863,2025-01-03T14:51:03Z,AIC2886,"10.28833,76.332588",8375,275,21
1735915865,2025-01-03T14:51:05Z,AIC2886,"10.290745,76.333626",8475,276,22
1735915867,2025-01-03T14:51:07Z,AIC2886,"10.292725,76.334496",8550,276,23
1735915869,2025-01-03T14:51:09Z,AIC2886,"10.295726,76.335846",8650,278,24
1735915872,2025-01-03T14:51:12Z,AIC2886,"10.298658,76.337219",8725,280,24
1735915874,2025-01-03T14:51:14Z,AIC2886,"10.300427,76.338074",8775,281,25
1735915876,2025-01-03T14:51:16Z,AIC2886,"10.303267,76.339447",8875,283,25
1735915878,2025-01-03T14:51:18Z,AIC2886,"10.306014,76.340775",8950,285,26
1735915880,2025-01-03T14:51:20Z,AIC2886,"10.308388,76.342003",9000,287,26
1735915882,2025-01-03T14:51:22Z,AIC2886,"10.310808,76.343185",9075,288,26
1735915884,2025-01-03T14:51:24Z,AIC2886,"10.31337,76.344505",9150,289,26
1735915897,2025-01-03T14:51:37Z,AIC2886,"10.329071,76.352654",9700,293,27
1735915910,2025-01-03T14:51:50Z,AIC2886,"10.34491,76.360985",10225,299,27
1735915924,2025-01-03T14:52:04Z,AIC2886,"10.362762,76.370293",10550,317,27
1735915936,2025-01-03T14:52:16Z,AIC2886,"10.379194,76.378754",10775,334,26
1735915950,2025-01-03T14:52:30Z,AIC2886,"10.398468,76.388588",11175,344,26
1735915965,2025-01-03T14:52:45Z,AIC2886,"10.419937,76.399483",11850,346,26
1735915978,2025-01-03T14:52:58Z,AIC2886,"10.438501,76.40892",12500,347,26
1735916008,2025-01-03T14:53:28Z,AIC2886,"10.481918,76.431129",13675,356,26
1735916040,2025-01-03T14:54:00Z,AIC2886,"10.53021,76.455788",14875,365,26
1735916073,2025-01-03T14:54:33Z,AIC2886,"10.58139,76.481987",16075,374,26
1735916105,2025-01-03T14:55:05Z,AIC2886,"10.631424,76.507607",17325,378,26
1735916138,2025-01-03T14:55:38Z,AIC2886,"10.682761,76.533943",18275,387,26
1735916170,2025-01-03T14:56:10Z,AIC2886,"10.734341,76.560394",19475,390,26
1735916201,2025-01-03T14:56:41Z,AIC2886,"10.785501,76.586708",20400,398,26
1735916231,2025-01-03T14:57:11Z,AIC2886,"10.837315,76.61335",21050,414,26
1735916262,2025-01-03T14:57:42Z,AIC2886,"10.888569,76.639664",22100,414,26
1735916294,2025-01-03T14:58:14Z,AIC2886,"10.944478,76.668381",22975,419,26
1735916326,2025-01-03T14:58:46Z,AIC2886,"11.000853,76.697388",23725,426,27
1735916358,2025-01-03T14:59:18Z,AIC2886,"11.057321,76.726494",24650,426,26
1735916391,2025-01-03T14:59:51Z,AIC2886,"11.115278,76.756317",25425,430,26
1735916421,2025-01-03T15:00:21Z,AIC2886,"11.169937,76.784492",26150,432,26
1735916454,2025-01-03T15:00:54Z,AIC2886,"11.22876,76.814751",26800,438,27
1735916484,2025-01-03T15:01:24Z,AIC2886,"11.284653,76.843491",27275,444,26
1735916517,2025-01-03T15:01:57Z,AIC2886,"11.344528,76.874413",27775,451,27
1735916548,2025-01-03T15:02:28Z,AIC2886,"11.404083,76.905151",28375,453,27
1735916580,2025-01-03T15:03:00Z,AIC2886,"11.463638,76.935837",29050,453,26
1735916611,2025-01-03T15:03:31Z,AIC2886,"11.522324,76.966095",29625,455,26
1735916642,2025-01-03T15:04:02Z,AIC2886,"11.579636,76.995743",30100,459,27
1735916674,2025-01-03T15:04:34Z,AIC2886,"11.641846,77.027893",30625,462,27
1735916706,2025-01-03T15:05:06Z,AIC2886,"11.702225,77.059151",31050,468,27
1735916737,2025-01-03T15:05:37Z,AIC2886,"11.763005,77.090584",31575,470,26
1735916768,2025-01-03T15:06:08Z,AIC2886,"11.823532,77.121941",31950,474,26
1735916799,2025-01-03T15:06:39Z,AIC2886,"11.884552,77.153526",32000,471,26
1735916832,2025-01-03T15:07:12Z,AIC2886,"11.948656,77.186668",32300,476,26
1735916863,2025-01-03T15:07:43Z,AIC2886,"12.010071,77.218636",32750,480,27
1735916895,2025-01-03T15:08:15Z,AIC2886,"12.074203,77.251884",33500,473,26
1735916926,2025-01-03T15:08:46Z,AIC2886,"12.134399,77.282845",33975,470,25
1735916958,2025-01-03T15:09:18Z,AIC2886,"12.199173,77.309799",34000,469,20
1735916989,2025-01-03T15:09:49Z,AIC2886,"12.262985,77.334091",34000,471,20
1735917021,2025-01-03T15:10:21Z,AIC2886,"12.32785,77.358765",34000,471,20
1735917052,2025-01-03T15:10:52Z,AIC2886,"12.391507,77.382927",34000,474,20
1735917083,2025-01-03T15:11:23Z,AIC2886,"12.455564,77.407211",34000,475,20
1735917114,2025-01-03T15:11:54Z,AIC2886,"12.521118,77.432159",34025,477,20
1735917147,2025-01-03T15:12:27Z,AIC2886,"12.587865,77.457611",34025,477,20
1735917177,2025-01-03T15:12:57Z,AIC2886,"12.649779,77.481224",34025,478,20
1735917209,2025-01-03T15:13:29Z,AIC2886,"12.716675,77.506615",34025,478,20
1735917242,2025-01-03T15:14:02Z,AIC2886,"12.784561,77.532509",34000,478,20
1735917273,2025-01-03T15:14:33Z,AIC2886,"12.850204,77.557465",34000,477,20
1735917305,2025-01-03T15:15:05Z,AIC2886,"12.916489,77.582748",34000,478,20
1735917336,2025-01-03T15:15:36Z,AIC2886,"12.9814,77.607468",33975,478,20
1735917367,2025-01-03T15:16:07Z,AIC2886,"13.046218,77.632286",33975,478,20
1735917400,2025-01-03T15:16:40Z,AIC2886,"13.113968,77.658188",34000,479,20
1735917430,2025-01-03T15:17:10Z,AIC2886,"13.177597,77.682243",34000,480,19
1735917461,2025-01-03T15:17:41Z,AIC2886,"13.243506,77.701721",34300,481,13
1735917493,2025-01-03T15:18:13Z,AIC2886,"13.312357,77.716614",34800,480,11
1735917524,2025-01-03T15:18:44Z,AIC2886,"13.381531,77.726517",35325,479,5
1735917556,2025-01-03T15:19:16Z,AIC2886,"13.452433,77.730057",35850,477,2
1735917588,2025-01-03T15:19:48Z,AIC2886,"13.523712,77.732956",36000,480,2
1735917620,2025-01-03T15:20:20Z,AIC2886,"13.594743,77.73584",36000,474,2
1735917652,2025-01-03T15:20:52Z,AIC2886,"13.665456,77.738823",36000,470,2
1735917684,2025-01-03T15:21:24Z,AIC2886,"13.734146,77.741577",36000,472,2
1735917716,2025-01-03T15:21:56Z,AIC2886,"13.805205,77.744461",36000,470,2
1735917749,2025-01-03T15:22:29Z,AIC2886,"13.876105,77.747353",36000,470,2
1735917780,2025-01-03T15:23:00Z,AIC2886,"13.945496,77.750153",36000,469,2
1735917812,2025-01-03T15:23:32Z,AIC2886,"14.012833,77.752899",35975,469,2
1735917843,2025-01-03T15:24:03Z,AIC2886,"14.081959,77.755737",35975,469,2
1735917875,2025-01-03T15:24:35Z,AIC2886,"14.150482,77.758484",36000,469,2
1735917907,2025-01-03T15:25:07Z,AIC2886,"14.222034,77.761421",36000,469,2
1735917938,2025-01-03T15:25:38Z,AIC2886,"14.28923,77.764122",36000,469,2
1735917971,2025-01-03T15:26:11Z,AIC2886,"14.359406,77.766914",36000,469,2
1735918002,2025-01-03T15:26:42Z,AIC2886,"14.429123,77.769707",36000,469,2
1735918035,2025-01-03T15:27:15Z,AIC2886,"14.499113,77.772552",36025,469,2
1735918065,2025-01-03T15:27:45Z,AIC2886,"14.565451,77.775253",36025,468,2
1735918095,2025-01-03T15:28:15Z,AIC2886,"14.63053,77.777901",36050,466,2
1735918127,2025-01-03T15:28:47Z,AIC2886,"14.700358,77.780746",36025,465,2
1735918160,2025-01-03T15:29:20Z,AIC2886,"14.768875,77.783531",35975,465,2
1735918191,2025-01-03T15:29:51Z,AIC2886,"14.837265,77.786285",35950,466,2
1735918223,2025-01-03T15:30:23Z,AIC2886,"14.905472,77.789131",35975,465,2
1735918254,2025-01-03T15:30:54Z,AIC2886,"14.972031,77.791832",35975,466,2
1735918286,2025-01-03T15:31:26Z,AIC2886,"15.043123,77.794731",35975,467,2
1735918319,2025-01-03T15:31:59Z,AIC2886,"15.11379,77.797577",36000,468,2
1735918350,2025-01-03T15:32:30Z,AIC2886,"15.181569,77.800369",36000,468,2
1735918384,2025-01-03T15:33:04Z,AIC2886,"15.256073,77.803444",36000,469,2
1735918417,2025-01-03T15:33:37Z,AIC2886,"15.326477,77.806335",36000,470,2
1735918450,2025-01-03T15:34:10Z,AIC2886,"15.400179,77.809395",36000,471,2
1735918482,2025-01-03T15:34:42Z,AIC2886,"15.469309,77.812241",36000,472,2
1735918514,2025-01-03T15:35:14Z,AIC2886,"15.538696,77.815056",36025,472,2
1735918546,2025-01-03T15:35:46Z,AIC2886,"15.60985,77.817978",36000,473,2
1735918578,2025-01-03T15:36:18Z,AIC2886,"15.68033,77.820869",36000,473,2
1735918610,2025-01-03T15:36:50Z,AIC2886,"15.749908,77.823677",36000,474,2
1735918643,2025-01-03T15:37:23Z,AIC2886,"15.821802,77.826607",36000,475,2
1735918675,2025-01-03T15:37:55Z,AIC2886,"15.892227,77.829506",36000,476,2
1735918705,2025-01-03T15:38:25Z,AIC2886,"15.960571,77.832352",36000,475,2
1735918736,2025-01-03T15:38:56Z,AIC2886,"16.028091,77.835144",36025,475,2
1735918768,2025-01-03T15:39:28Z,AIC2886,"16.097305,77.83799",36000,475,2
1735918800,2025-01-03T15:40:00Z,AIC2886,"16.16843,77.840927",36025,475,2
1735918833,2025-01-03T15:40:33Z,AIC2886,"16.240356,77.843964",36025,474,2
1735918863,2025-01-03T15:41:03Z,AIC2886,"16.307808,77.846718",36000,474,2
1735918895,2025-01-03T15:41:35Z,AIC2886,"16.377497,77.849564",36000,473,2
1735918927,2025-01-03T15:42:07Z,AIC2886,"16.447586,77.852448",36000,472,2
1735918958,2025-01-03T15:42:38Z,AIC2886,"16.515802,77.855301",36000,471,2
1735918989,2025-01-03T15:43:09Z,AIC2886,"16.584503,77.858177",36000,470,2
1735919020,2025-01-03T15:43:40Z,AIC2886,"16.652435,77.860977",36000,469,2
1735919053,2025-01-03T15:44:13Z,AIC2886,"16.722029,77.863884",36000,468,2
1735919085,2025-01-03T15:44:45Z,AIC2886,"16.792007,77.866806",35950,468,2
1735919117,2025-01-03T15:45:17Z,AIC2886,"16.863316,77.86972",35975,468,2
1735919148,2025-01-03T15:45:48Z,AIC2886,"16.930071,77.872513",35975,469,2
1735919181,2025-01-03T15:46:21Z,AIC2886,"17.001846,77.875481",36000,470,2
1735919213,2025-01-03T15:46:53Z,AIC2886,"17.070333,77.878349",35975,472,2
1735919244,2025-01-03T15:47:24Z,AIC2886,"17.139084,77.88121",36000,473,2
1735919275,2025-01-03T15:47:55Z,AIC2886,"17.207474,77.884056",36025,474,2
1735919308,2025-01-03T15:48:28Z,AIC2886,"17.280424,77.887131",36050,474,2
1735919340,2025-01-03T15:49:00Z,AIC2886,"17.351395,77.890076",36025,474,2
1735919374,2025-01-03T15:49:34Z,AIC2886,"17.423897,77.893112",36000,474,2
1735919406,2025-01-03T15:50:06Z,AIC2886,"17.494564,77.896057",36000,474,2
1735919438,2025-01-03T15:50:38Z,AIC2886,"17.565903,77.89904",36025,474,2
1735919470,2025-01-03T15:51:10Z,AIC2886,"17.637897,77.902039",36000,474,2
1735919503,2025-01-03T15:51:43Z,AIC2886,"17.708239,77.904984",36000,474,2
1735919533,2025-01-03T15:52:13Z,AIC2886,"17.77565,77.907761",36000,474,2
1735919565,2025-01-03T15:52:45Z,AIC2886,"17.845009,77.910721",36000,474,2
1735919596,2025-01-03T15:53:16Z,AIC2886,"17.913021,77.91362",35975,474,2
1735919627,2025-01-03T15:53:47Z,AIC2886,"17.981323,77.916534",36000,474,2
1735919658,2025-01-03T15:54:18Z,AIC2886,"18.049467,77.919357",36000,474,2
1735919689,2025-01-03T15:54:49Z,AIC2886,"18.118423,77.922218",36000,474,2
1735919721,2025-01-03T15:55:21Z,AIC2886,"18.187408,77.925095",36000,474,2
1735919753,2025-01-03T15:55:53Z,AIC2886,"18.259138,77.928123",36000,473,2
1735919784,2025-01-03T15:56:24Z,AIC2886,"18.32757,77.931068",36000,472,2
1735919815,2025-01-03T15:56:55Z,AIC2886,"18.395908,77.933968",36000,472,2
1735919847,2025-01-03T15:57:27Z,AIC2886,"18.465782,77.936958",36000,472,2
1735919879,2025-01-03T15:57:59Z,AIC2886,"18.535286,77.939911",36000,471,2
1735919911,2025-01-03T15:58:31Z,AIC2886,"18.604523,77.942802",36000,471,2
1735919943,2025-01-03T15:59:03Z,AIC2886,"18.674469,77.94574",36000,471,2
1735919974,2025-01-03T15:59:34Z,AIC2886,"18.741669,77.948586",36025,470,2
1735920006,2025-01-03T16:00:06Z,AIC2886,"18.812027,77.951576",36000,469,2
1735920039,2025-01-03T16:00:39Z,AIC2886,"18.883163,77.95462",36000,469,2
1735920070,2025-01-03T16:01:10Z,AIC2886,"18.951874,77.957512",35975,468,2
1735920102,2025-01-03T16:01:42Z,AIC2886,"19.019669,77.960403",35975,468,2
1735920133,2025-01-03T16:02:13Z,AIC2886,"19.088058,77.963249",36000,468,2
1735920165,2025-01-03T16:02:45Z,AIC2886,"19.156357,77.966148",36000,468,2
1735920195,2025-01-03T16:03:15Z,AIC2886,"19.22374,77.969086",36025,466,2
1735920226,2025-01-03T16:03:46Z,AIC2886,"19.289991,77.97187",36000,466,2
1735920257,2025-01-03T16:04:17Z,AIC2886,"19.356607,77.974762",36000,466,2
1735920289,2025-01-03T16:04:49Z,AIC2886,"19.425293,77.977722",35975,466,2
1735920320,2025-01-03T16:05:20Z,AIC2886,"19.491655,77.98056",35975,467,2
1735920351,2025-01-03T16:05:51Z,AIC2886,"19.559761,77.983505",35975,468,2
1735920383,2025-01-03T16:06:23Z,AIC2886,"19.630737,77.986595",36000,469,2
1735920417,2025-01-03T16:06:57Z,AIC2886,"19.702835,77.989685",36000,470,2
1735920449,2025-01-03T16:07:29Z,AIC2886,"19.772049,77.99263",36000,471,2
1735920479,2025-01-03T16:07:59Z,AIC2886,"19.838287,77.995476",36025,472,2
1735920510,2025-01-03T16:08:30Z,AIC2886,"19.907831,77.998482",36025,472,2
1735920542,2025-01-03T16:09:02Z,AIC2886,"19.976303,78.001411",36025,474,2
1735920572,2025-01-03T16:09:32Z,AIC2886,"20.043182,78.004257",36025,473,2
1735920604,2025-01-03T16:10:04Z,AIC2886,"20.114151,78.007378",36000,474,2
1735920635,2025-01-03T16:10:35Z,AIC2886,"20.181839,78.010284",36000,473,2
1735920666,2025-01-03T16:11:06Z,AIC2886,"20.249405,78.013229",36000,473,2
1735920697,2025-01-03T16:11:37Z,AIC2886,"20.317352,78.016167",36000,473,2
1735920728,2025-01-03T16:12:08Z,AIC2886,"20.385498,78.019112",36000,473,2
1735920759,2025-01-03T16:12:39Z,AIC2886,"20.452353,78.022003",36000,474,2
1735920791,2025-01-03T16:13:11Z,AIC2886,"20.52409,78.023605",36000,471,358
1735920822,2025-01-03T16:13:42Z,AIC2886,"20.591871,78.017509",35975,466,352
1735920854,2025-01-03T16:14:14Z,AIC2886,"20.658096,78.004005",36000,462,347
1735920886,2025-01-03T16:14:46Z,AIC2886,"20.726257,77.987381",36000,462,347
1735920917,2025-01-03T16:15:17Z,AIC2886,"20.790415,77.971718",36000,462,347
1735920950,2025-01-03T16:15:50Z,AIC2886,"20.858917,77.95491",36000,462,347
1735920982,2025-01-03T16:16:22Z,AIC2886,"20.925476,77.93853",36000,462,347
1735921013,2025-01-03T16:16:53Z,AIC2886,"20.989658,77.922783",36000,462,347
1735921045,2025-01-03T16:17:25Z,AIC2886,"21.056717,77.906349",36000,462,347
1735921075,2025-01-03T16:17:55Z,AIC2886,"21.120941,77.890518",36000,462,347
1735921107,2025-01-03T16:18:27Z,AIC2886,"21.18881,77.873787",36000,461,346
1735921139,2025-01-03T16:18:59Z,AIC2886,"21.255066,77.857414",36000,461,346
1735921170,2025-01-03T16:19:30Z,AIC2886,"21.318649,77.841682",36000,460,346
1735921201,2025-01-03T16:20:01Z,AIC2886,"21.384659,77.825348",36000,459,346
1735921233,2025-01-03T16:20:33Z,AIC2886,"21.450201,77.809196",36000,459,346
1735921264,2025-01-03T16:21:04Z,AIC2886,"21.514252,77.793343",36000,458,346
1735921296,2025-01-03T16:21:36Z,AIC2886,"21.580873,77.776695",36000,458,346
1735921328,2025-01-03T16:22:08Z,AIC2886,"21.646408,77.760483",36000,457,346
1735921358,2025-01-03T16:22:38Z,AIC2886,"21.709717,77.744751",36000,457,346
1735921389,2025-01-03T16:23:09Z,AIC2886,"21.772202,77.729118",36000,452,346
1735921421,2025-01-03T16:23:41Z,AIC2886,"21.837387,77.712891",36000,450,346
1735921453,2025-01-03T16:24:13Z,AIC2886,"21.90185,77.696838",36000,450,346
1735921485,2025-01-03T16:24:45Z,AIC2886,"21.967583,77.680458",36000,451,346
1735921516,2025-01-03T16:25:16Z,AIC2886,"22.031525,77.664551",36000,451,346
1735921548,2025-01-03T16:25:48Z,AIC2886,"22.097076,77.647873",36000,450,346
1735921579,2025-01-03T16:26:19Z,AIC2886,"22.159145,77.63163",36000,448,346
1735921612,2025-01-03T16:26:52Z,AIC2886,"22.225901,77.614189",36000,449,346
1735921643,2025-01-03T16:27:23Z,AIC2886,"22.289612,77.597534",36000,449,346
1735921674,2025-01-03T16:27:54Z,AIC2886,"22.351044,77.581451",36000,450,346
1735921705,2025-01-03T16:28:25Z,AIC2886,"22.414158,77.564949",35875,452,346
1735921737,2025-01-03T16:28:57Z,AIC2886,"22.478819,77.548065",35200,451,346
1735921767,2025-01-03T16:29:27Z,AIC2886,"22.54064,77.532249",34625,444,346
1735921799,2025-01-03T16:29:59Z,AIC2886,"22.603226,77.515884",34100,441,346
1735921830,2025-01-03T16:30:30Z,AIC2886,"22.665632,77.49939",34000,452,346
1735921862,2025-01-03T16:31:02Z,AIC2886,"22.732452,77.485023",34000,460,351
1735921893,2025-01-03T16:31:33Z,AIC2886,"22.799471,77.477776",34000,458,354
1735921926,2025-01-03T16:32:06Z,AIC2886,"22.868408,77.470795",34000,461,354
1735921956,2025-01-03T16:32:36Z,AIC2886,"22.933727,77.464294",34000,461,354
1735921988,2025-01-03T16:33:08Z,AIC2886,"23.001322,77.457581",34000,461,354
1735922020,2025-01-03T16:33:40Z,AIC2886,"23.06955,77.450813",34000,462,354
1735922052,2025-01-03T16:34:12Z,AIC2886,"23.138168,77.444023",34000,462,354
1735922085,2025-01-03T16:34:45Z,AIC2886,"23.206757,77.437286",34000,463,354
1735922115,2025-01-03T16:35:15Z,AIC2886,"23.27272,77.430725",34000,463,354
1735922147,2025-01-03T16:35:47Z,AIC2886,"23.341944,77.423805",34000,463,354
1735922178,2025-01-03T16:36:18Z,AIC2886,"23.407955,77.417244",34000,464,354
1735922210,2025-01-03T16:36:50Z,AIC2886,"23.476959,77.410416",34000,464,354
1735922241,2025-01-03T16:37:21Z,AIC2886,"23.543564,77.403778",34000,465,354
1735922272,2025-01-03T16:37:52Z,AIC2886,"23.611015,77.397026",34000,465,354
1735922305,2025-01-03T16:38:25Z,AIC2886,"23.679932,77.390137",33975,467,354
1735922335,2025-01-03T16:38:55Z,AIC2886,"23.745255,77.383675",34000,468,354
1735922366,2025-01-03T16:39:26Z,AIC2886,"23.813612,77.376915",34000,469,354
1735922398,2025-01-03T16:39:58Z,AIC2886,"23.881027,77.370148",34000,470,354
1735922430,2025-01-03T16:40:30Z,AIC2886,"23.950706,77.363235",34000,470,354
1735922462,2025-01-03T16:41:02Z,AIC2886,"24.020462,77.356209",34025,470,354
1735922494,2025-01-03T16:41:34Z,AIC2886,"24.091482,77.349091",34025,470,354
1735922526,2025-01-03T16:42:06Z,AIC2886,"24.161263,77.342041",34025,470,354
1735922557,2025-01-03T16:42:37Z,AIC2886,"24.228653,77.335304",34025,469,354
1735922590,2025-01-03T16:43:10Z,AIC2886,"24.300522,77.328033",34000,470,354
1735922623,2025-01-03T16:43:43Z,AIC2886,"24.371429,77.320862",34000,470,354
1735922656,2025-01-03T16:44:16Z,AIC2886,"24.443323,77.313591",33975,469,354
1735922687,2025-01-03T16:44:47Z,AIC2886,"24.511551,77.306725",33975,470,354
1735922719,2025-01-03T16:45:19Z,AIC2886,"24.578976,77.299805",33975,471,354
1735922751,2025-01-03T16:45:51Z,AIC2886,"24.648851,77.292755",33975,472,354
1735922782,2025-01-03T16:46:22Z,AIC2886,"24.716492,77.285919",34000,471,354
1735922813,2025-01-03T16:46:53Z,AIC2886,"24.785202,77.278999",34000,473,354
1735922845,2025-01-03T16:47:25Z,AIC2886,"24.85424,77.271973",34000,473,354
1735922877,2025-01-03T16:47:57Z,AIC2886,"24.923584,77.264961",34000,473,354
1735922909,2025-01-03T16:48:29Z,AIC2886,"24.992918,77.258034",34000,474,355
1735922939,2025-01-03T16:48:59Z,AIC2886,"25.059721,77.255081",34025,478,358
1735922971,2025-01-03T16:49:31Z,AIC2886,"25.130993,77.252441",34000,477,358
1735923002,2025-01-03T16:50:02Z,AIC2886,"25.199844,77.249908",34000,477,358
1735923034,2025-01-03T16:50:34Z,AIC2886,"25.271301,77.247307",34000,476,358
1735923065,2025-01-03T16:51:05Z,AIC2886,"25.340105,77.244766",34000,476,358
1735923096,2025-01-03T16:51:36Z,AIC2886,"25.407623,77.242332",34000,475,358
1735923129,2025-01-03T16:52:09Z,AIC2886,"25.479401,77.239738",34000,475,358
1735923159,2025-01-03T16:52:39Z,AIC2886,"25.546463,77.237297",34000,474,358
1735923190,2025-01-03T16:53:10Z,AIC2886,"25.614485,77.234764",34000,474,358
1735923222,2025-01-03T16:53:42Z,AIC2886,"25.684965,77.232124",34000,474,358
1735923253,2025-01-03T16:54:13Z,AIC2886,"25.751255,77.229691",34000,473,358
1735923284,2025-01-03T16:54:44Z,AIC2886,"25.820478,77.227203",34000,472,358
1735923317,2025-01-03T16:55:17Z,AIC2886,"25.891283,77.224487",34000,472,358
1735923348,2025-01-03T16:55:48Z,AIC2886,"25.960182,77.222",34025,470,358
1735923381,2025-01-03T16:56:21Z,AIC2886,"26.030502,77.219482",34025,468,358
1735923413,2025-01-03T16:56:53Z,AIC2886,"26.100397,77.216988",33625,460,358
1735923445,2025-01-03T16:57:25Z,AIC2886,"26.169062,77.214394",33100,454,357
1735923475,2025-01-03T16:57:55Z,AIC2886,"26.231209,77.21096",32650,455,357
1735923507,2025-01-03T16:58:27Z,AIC2886,"26.299484,77.207352",32125,461,357
1735923540,2025-01-03T16:59:00Z,AIC2886,"26.369423,77.203781",31600,462,357
1735923572,2025-01-03T16:59:32Z,AIC2886,"26.438232,77.200302",31075,468,357
1735923603,2025-01-03T17:00:03Z,AIC2886,"26.507263,77.196678",30550,474,357
1735923628,2025-01-03T17:00:28Z,AIC2886,"26.560659,77.193954",30150,475,357
1735923666,2025-01-03T17:01:06Z,AIC2886,"26.645279,77.189575",29475,469,357
1735923698,2025-01-03T17:01:38Z,AIC2886,"26.715212,77.185875",28975,464,357
1735923731,2025-01-03T17:02:11Z,AIC2886,"26.784897,77.182274",28425,458,357
1735923763,2025-01-03T17:02:43Z,AIC2886,"26.851797,77.178848",27900,452,357
1735923795,2025-01-03T17:03:15Z,AIC2886,"26.9179,77.175415",27375,450,357
1735923827,2025-01-03T17:03:47Z,AIC2886,"26.985123,77.171959",26825,441,357
1735923858,2025-01-03T17:04:18Z,AIC2886,"27.047058,77.168694",25875,430,357
1735923889,2025-01-03T17:04:49Z,AIC2886,"27.108582,77.165535",24825,423,357
1735923921,2025-01-03T17:05:21Z,AIC2886,"27.169235,77.162323",23725,416,357
1735923952,2025-01-03T17:05:52Z,AIC2886,"27.23085,77.159157",22675,408,357
1735923986,2025-01-03T17:06:26Z,AIC2886,"27.29423,77.15593",21550,400,357
1735924017,2025-01-03T17:06:57Z,AIC2886,"27.351255,77.153023",20525,392,357
1735924048,2025-01-03T17:07:28Z,AIC2886,"27.405302,77.150223",19800,376,357
1735924079,2025-01-03T17:07:59Z,AIC2886,"27.459862,77.147369",19300,355,357
1735924112,2025-01-03T17:08:32Z,AIC2886,"27.511093,77.144646",18475,348,357
1735924142,2025-01-03T17:09:02Z,AIC2886,"27.560532,77.142113",17700,340,357
1735924174,2025-01-03T17:09:34Z,AIC2886,"27.610504,77.139603",17000,329,357
1735924206,2025-01-03T17:10:06Z,AIC2886,"27.657383,77.139709",16625,312,7
1735924208,2025-01-03T17:10:08Z,AIC2886,"27.659592,77.140091",16600,312,8
1735924210,2025-01-03T17:10:10Z,AIC2886,"27.6633,77.140762",16575,312,9
1735924212,2025-01-03T17:10:12Z,AIC2886,"27.666925,77.141457",16550,310,9
1735924216,2025-01-03T17:10:16Z,AIC2886,"27.671265,77.142265",16475,308,9
1735924218,2025-01-03T17:10:18Z,AIC2886,"27.674561,77.142883",16450,308,9
1735924220,2025-01-03T17:10:20Z,AIC2886,"27.676702,77.14325",16400,307,9
1735924222,2025-01-03T17:10:22Z,AIC2886,"27.679914,77.143883",16375,307,9
1735924224,2025-01-03T17:10:24Z,AIC2886,"27.68335,77.144547",16300,306,9
1735924256,2025-01-03T17:10:56Z,AIC2886,"27.727478,77.152786",15600,301,9
1735924287,2025-01-03T17:11:27Z,AIC2886,"27.769409,77.160713",14875,296,9
1735924319,2025-01-03T17:11:59Z,AIC2886,"27.811935,77.168709",14025,298,9
1735924351,2025-01-03T17:12:31Z,AIC2886,"27.857092,77.177368",13200,297,9
1735924382,2025-01-03T17:13:02Z,AIC2886,"27.899185,77.18528",12425,294,9
1735924414,2025-01-03T17:13:34Z,AIC2886,"27.942261,77.193588",11725,290,9
1735924427,2025-01-03T17:13:47Z,AIC2886,"27.959135,77.196892",11500,286,9
1735924442,2025-01-03T17:14:02Z,AIC2886,"27.978699,77.200607",11275,282,9
1735924456,2025-01-03T17:14:16Z,AIC2886,"27.995771,77.203888",11050,280,9
1735924470,2025-01-03T17:14:30Z,AIC2886,"28.014484,77.207497",10825,279,9
1735924484,2025-01-03T17:14:44Z,AIC2886,"28.032175,77.210892",10600,278,9
1735924498,2025-01-03T17:14:58Z,AIC2886,"28.049744,77.214294",10375,277,9
1735924512,2025-01-03T17:15:12Z,AIC2886,"28.067461,77.217728",10150,274,9
1735924525,2025-01-03T17:15:25Z,AIC2886,"28.082916,77.220749",10025,266,9
1735924539,2025-01-03T17:15:39Z,AIC2886,"28.099815,77.22403",10000,253,9
1735924554,2025-01-03T17:15:54Z,AIC2886,"28.116993,77.227371",10000,248,9
1735924567,2025-01-03T17:16:07Z,AIC2886,"28.131134,77.230133",10000,248,9
1735924581,2025-01-03T17:16:21Z,AIC2886,"28.147903,77.233345",9875,249,9
1735924595,2025-01-03T17:16:35Z,AIC2886,"28.163956,77.236473",9675,245,9
1735924608,2025-01-03T17:16:48Z,AIC2886,"28.178768,77.23938",9500,243,9
1735924624,2025-01-03T17:17:04Z,AIC2886,"28.19669,77.242882",9300,243,9
1735924637,2025-01-03T17:17:17Z,AIC2886,"28.21051,77.24556",9125,244,9
1735924651,2025-01-03T17:17:31Z,AIC2886,"28.225479,77.24852",9000,241,9
1735924664,2025-01-03T17:17:44Z,AIC2886,"28.240585,77.251472",9000,241,9
1735924677,2025-01-03T17:17:57Z,AIC2886,"28.25502,77.254295",9000,242,9
1735924690,2025-01-03T17:18:10Z,AIC2886,"28.269405,77.257095",9000,242,9
1735924703,2025-01-03T17:18:23Z,AIC2886,"28.283697,77.259842",9000,242,9
1735924717,2025-01-03T17:18:37Z,AIC2886,"28.298687,77.26281",9000,242,9
1735924732,2025-01-03T17:18:52Z,AIC2886,"28.315109,77.266052",9000,242,10
1735924740,2025-01-03T17:19:00Z,AIC2886,"28.324755,77.269218",8975,243,21
1735924743,2025-01-03T17:19:03Z,AIC2886,"28.326803,77.270294",8950,244,26
1735924745,2025-01-03T17:19:05Z,AIC2886,"28.329178,77.271797",8925,245,30
1735924747,2025-01-03T17:19:07Z,AIC2886,"28.330948,77.273132",8900,245,34
1735924749,2025-01-03T17:19:09Z,AIC2886,"28.332733,77.274719",8875,246,38
1735924751,2025-01-03T17:19:11Z,AIC2886,"28.334518,77.276512",8850,245,42
1735924753,2025-01-03T17:19:13Z,AIC2886,"28.336212,77.278465",8825,245,46
1735924755,2025-01-03T17:19:15Z,AIC2886,"28.337952,77.280846",8800,245,50
1735924758,2025-01-03T17:19:18Z,AIC2886,"28.339838,77.283813",8775,245,58
1735924761,2025-01-03T17:19:21Z,AIC2886,"28.341019,77.286125",8750,245,62
1735924763,2025-01-03T17:19:23Z,AIC2886,"28.342213,77.289085",8725,245,65
1735924765,2025-01-03T17:19:25Z,AIC2886,"28.342911,77.291138",8700,245,70
1735924767,2025-01-03T17:19:27Z,AIC2886,"28.343748,77.294098",8675,245,73
1735924770,2025-01-03T17:19:30Z,AIC2886,"28.344452,77.297905",8625,245,79
1735924772,2025-01-03T17:19:32Z,AIC2886,"28.344772,77.30056",8625,246,83
1735924774,2025-01-03T17:19:34Z,AIC2886,"28.344866,77.303413",8600,246,87
1735924776,2025-01-03T17:19:36Z,AIC2886,"28.344818,77.306305",8575,246,91
1735924778,2025-01-03T17:19:38Z,AIC2886,"28.344587,77.3088",8550,247,97
1735924781,2025-01-03T17:19:41Z,AIC2886,"28.344122,77.312027",8525,247,100
1735924783,2025-01-03T17:19:43Z,AIC2886,"28.343628,77.31459",8525,247,102
1735924785,2025-01-03T17:19:45Z,AIC2886,"28.34305,77.3172",8500,246,104
1735924787,2025-01-03T17:19:47Z,AIC2886,"28.342484,77.319611",8475,246,105
1735924789,2025-01-03T17:19:49Z,AIC2886,"28.341793,77.322266",8450,246,106
1735924792,2025-01-03T17:19:52Z,AIC2886,"28.340769,77.326141",8425,246,106
1735924794,2025-01-03T17:19:54Z,AIC2886,"28.340195,77.328171",8425,246,107
1735924796,2025-01-03T17:19:56Z,AIC2886,"28.339462,77.330864",8400,246,107
1735924798,2025-01-03T17:19:58Z,AIC2886,"28.338593,77.33403",8350,245,107
1735924800,2025-01-03T17:20:00Z,AIC2886,"28.338022,77.336052",8350,246,107
1735924803,2025-01-03T17:20:03Z,AIC2886,"28.337219,77.338943",8325,244,107
1735924805,2025-01-03T17:20:05Z,AIC2886,"28.336533,77.341423",8300,244,107
1735924807,2025-01-03T17:20:07Z,AIC2886,"28.335663,77.344437",8250,244,107
1735924820,2025-01-03T17:20:20Z,AIC2886,"28.331133,77.360336",8100,243,107
1735924834,2025-01-03T17:20:34Z,AIC2886,"28.326479,77.377083",7925,240,107
1735924849,2025-01-03T17:20:49Z,AIC2886,"28.321684,77.394531",7750,232,107
1735924862,2025-01-03T17:21:02Z,AIC2886,"28.317633,77.409454",7600,224,107
1735924875,2025-01-03T17:21:15Z,AIC2886,"28.313629,77.424156",7450,218,107
1735924888,2025-01-03T17:21:28Z,AIC2886,"28.309813,77.438263",7300,214,106
1735924902,2025-01-03T17:21:42Z,AIC2886,"28.306,77.452507",7150,211,107
1735924913,2025-01-03T17:21:53Z,AIC2886,"28.303299,77.465233",7025,209,97
1735924917,2025-01-03T17:21:57Z,AIC2886,"28.303202,77.467888",7000,209,88
1735924919,2025-01-03T17:21:59Z,AIC2886,"28.303345,77.4711",6950,209,84
1735924921,2025-01-03T17:22:01Z,AIC2886,"28.303711,77.473473",6925,208,79
1735924923,2025-01-03T17:22:03Z,AIC2886,"28.304132,77.475426",6925,207,75
1735924925,2025-01-03T17:22:05Z,AIC2886,"28.304764,77.477699",6900,208,70
1735924927,2025-01-03T17:22:07Z,AIC2886,"28.305529,77.479736",6875,207,66
1735924929,2025-01-03T17:22:09Z,AIC2886,"28.306786,77.482315",6825,207,61
1735924933,2025-01-03T17:22:13Z,AIC2886,"28.308323,77.484795",6800,207,52
1735924935,2025-01-03T17:22:15Z,AIC2886,"28.309891,77.486938",6775,207,47
1735924937,2025-01-03T17:22:17Z,AIC2886,"28.311209,77.48835",6750,207,43
1735924939,2025-01-03T17:22:19Z,AIC2886,"28.313095,77.490059",6725,207,38
1735924942,2025-01-03T17:22:22Z,AIC2886,"28.314697,77.491272",6700,208,31
1735924944,2025-01-03T17:22:24Z,AIC2886,"28.316803,77.492592",6675,207,27
1735924947,2025-01-03T17:22:27Z,AIC2886,"28.31955,77.493965",6650,208,22
1735924949,2025-01-03T17:22:29Z,AIC2886,"28.321243,77.494705",6625,208,20
1735924951,2025-01-03T17:22:31Z,AIC2886,"28.323532,77.495605",6600,208,19
1735924953,2025-01-03T17:22:33Z,AIC2886,"28.325409,77.496292",6575,209,17
1735924956,2025-01-03T17:22:36Z,AIC2886,"28.328156,77.497238",6525,208,16
1735924959,2025-01-03T17:22:39Z,AIC2886,"28.330435,77.497986",6500,209,16
1735924961,2025-01-03T17:22:41Z,AIC2886,"28.332296,77.498581",6475,208,15
1735924963,2025-01-03T17:22:43Z,AIC2886,"28.33416,77.499176",6450,208,15
1735924965,2025-01-03T17:22:45Z,AIC2886,"28.335789,77.499657",6450,208,15
1735924967,2025-01-03T17:22:47Z,AIC2886,"28.338303,77.500412",6400,208,15
1735924969,2025-01-03T17:22:49Z,AIC2886,"28.340103,77.500992",6375,208,15
1735924971,2025-01-03T17:22:51Z,AIC2886,"28.34198,77.501518",6375,208,15
1735924980,2025-01-03T17:23:00Z,AIC2886,"28.350498,77.503754",6250,207,9
1735924983,2025-01-03T17:23:03Z,AIC2886,"28.352371,77.503952",6225,208,3
1735924985,2025-01-03T17:23:05Z,AIC2886,"28.354889,77.504005",6200,208,359
1735924987,2025-01-03T17:23:07Z,AIC2886,"28.356812,77.503845",6175,208,354
1735924990,2025-01-03T17:23:10Z,AIC2886,"28.359529,77.503319",6150,208,347
1735924992,2025-01-03T17:23:12Z,AIC2886,"28.362167,77.502419",6125,209,343
1735924994,2025-01-03T17:23:14Z,AIC2886,"28.363907,77.501595",6100,210,338
1735924997,2025-01-03T17:23:17Z,AIC2886,"28.365784,77.500572",6075,209,331
1735924999,2025-01-03T17:23:19Z,AIC2886,"28.36791,77.499069",6050,209,327
1735925001,2025-01-03T17:23:21Z,AIC2886,"28.3694,77.497826",6025,210,322
1735925003,2025-01-03T17:23:23Z,AIC2886,"28.371185,77.496185",6000,210,319
1735925006,2025-01-03T17:23:26Z,AIC2886,"28.37303,77.494385",5975,210,318
1735925008,2025-01-03T17:23:28Z,AIC2886,"28.374161,77.493172",5950,210,316
1735925010,2025-01-03T17:23:30Z,AIC2886,"28.375626,77.491592",5925,210,316
1735925012,2025-01-03T17:23:32Z,AIC2886,"28.377319,77.489738",5900,210,315
1735925014,2025-01-03T17:23:34Z,AIC2886,"28.378693,77.488159",5875,210,315
1735925016,2025-01-03T17:23:36Z,AIC2886,"28.380341,77.486305",5850,210,314
1735925018,2025-01-03T17:23:38Z,AIC2886,"28.381783,77.484688",5825,210,314
1735925021,2025-01-03T17:23:41Z,AIC2886,"28.383224,77.482979",5800,210,314
1735925023,2025-01-03T17:23:43Z,AIC2886,"28.384598,77.4814",5775,211,314
1735925025,2025-01-03T17:23:45Z,AIC2886,"28.385971,77.479736",5750,210,314
1735925027,2025-01-03T17:23:47Z,AIC2886,"28.387693,77.477791",5725,210,314
1735925029,2025-01-03T17:23:49Z,AIC2886,"28.389044,77.476181",5700,209,313
1735925043,2025-01-03T17:24:03Z,AIC2886,"28.398029,77.465675",5525,203,314
1735925057,2025-01-03T17:24:17Z,AIC2886,"28.407669,77.454514",5350,200,314
1735925070,2025-01-03T17:24:30Z,AIC2886,"28.415955,77.444954",5225,200,314
1735925084,2025-01-03T17:24:44Z,AIC2886,"28.424889,77.434761",5050,200,314
1735925098,2025-01-03T17:24:58Z,AIC2886,"28.434572,77.423889",4875,200,315
1735925106,2025-01-03T17:25:06Z,AIC2886,"28.439484,77.418434",4800,199,315
1735925115,2025-01-03T17:25:15Z,AIC2886,"28.445206,77.412048",4700,198,315
1735925121,2025-01-03T17:25:21Z,AIC2886,"28.449236,77.407623",4625,198,315
1735925129,2025-01-03T17:25:29Z,AIC2886,"28.45491,77.401428",4525,197,316
1735925136,2025-01-03T17:25:36Z,AIC2886,"28.459152,77.396851",4450,196,316
1735925145,2025-01-03T17:25:45Z,AIC2886,"28.465017,77.390549",4350,195,316
1735925154,2025-01-03T17:25:54Z,AIC2886,"28.471069,77.38414",4250,193,316
1735925160,2025-01-03T17:26:00Z,AIC2886,"28.474823,77.380142",4175,192,316
1735925168,2025-01-03T17:26:08Z,AIC2886,"28.480379,77.374123",4100,190,312
1735925170,2025-01-03T17:26:10Z,AIC2886,"28.481598,77.372482",4075,190,308
1735925173,2025-01-03T17:26:13Z,AIC2886,"28.482567,77.370895",4050,189,304
1735925175,2025-01-03T17:26:15Z,AIC2886,"28.483749,77.368736",4025,188,300
1735925177,2025-01-03T17:26:17Z,AIC2886,"28.484619,77.366776",4000,188,296
1735925179,2025-01-03T17:26:19Z,AIC2886,"28.485222,77.365295",3975,188,293
1735925181,2025-01-03T17:26:21Z,AIC2886,"28.486084,77.362762",3950,187,290
1735925184,2025-01-03T17:26:24Z,AIC2886,"28.486664,77.360878",3925,186,288
1735925186,2025-01-03T17:26:26Z,AIC2886,"28.487362,77.358345",3900,186,287
1735925189,2025-01-03T17:26:29Z,AIC2886,"28.487961,77.35611",3875,186,285
1735925191,2025-01-03T17:26:31Z,AIC2886,"28.488386,77.354309",3850,186,285
1735925193,2025-01-03T17:26:33Z,AIC2886,"28.488831,77.352463",3825,186,284
1735925195,2025-01-03T17:26:35Z,AIC2886,"28.489288,77.350563",3800,185,284
1735925197,2025-01-03T17:26:37Z,AIC2886,"28.489792,77.348236",3775,184,284
1735925199,2025-01-03T17:26:39Z,AIC2886,"28.49025,77.34639",3750,184,284
1735925201,2025-01-03T17:26:41Z,AIC2886,"28.490662,77.34449",3725,183,284
1735925203,2025-01-03T17:26:43Z,AIC2886,"28.491087,77.342567",3700,182,284
1735925205,2025-01-03T17:26:45Z,AIC2886,"28.491486,77.340683",3675,182,283
1735925208,2025-01-03T17:26:48Z,AIC2886,"28.492172,77.337624",3650,181,283
1735925211,2025-01-03T17:26:51Z,AIC2886,"28.492716,77.335083",3625,180,283
1735925213,2025-01-03T17:26:53Z,AIC2886,"28.493181,77.33287",3600,179,283
1735925220,2025-01-03T17:27:00Z,AIC2886,"28.494438,77.326897",3525,178,283
1735925229,2025-01-03T17:27:09Z,AIC2886,"28.496063,77.319298",3425,178,283
1735925235,2025-01-03T17:27:15Z,AIC2886,"28.497391,77.313171",3350,177,283
1735925243,2025-01-03T17:27:23Z,AIC2886,"28.498814,77.306641",3275,175,283
1735925249,2025-01-03T17:27:29Z,AIC2886,"28.499954,77.301125",3200,176,283
1735925256,2025-01-03T17:27:36Z,AIC2886,"28.501328,77.294632",3125,177,283
1735925263,2025-01-03T17:27:43Z,AIC2886,"28.502632,77.288445",3025,178,283
1735925272,2025-01-03T17:27:52Z,AIC2886,"28.504215,77.279289",2925,182,276
1735925275,2025-01-03T17:27:55Z,AIC2886,"28.504257,77.277306",2925,183,269
1735925277,2025-01-03T17:27:57Z,AIC2886,"28.50412,77.275299",2900,183,264
1735925279,2025-01-03T17:27:59Z,AIC2886,"28.503841,77.273361",2900,185,259
1735925281,2025-01-03T17:28:01Z,AIC2886,"28.503237,77.270882",2900,186,254
1735925283,2025-01-03T17:28:03Z,AIC2886,"28.502655,77.269066",2900,187,249
1735925286,2025-01-03T17:28:06Z,AIC2886,"28.501654,77.266846",2900,190,241
1735925288,2025-01-03T17:28:08Z,AIC2886,"28.500862,77.265388",2900,190,236
1735925291,2025-01-03T17:28:11Z,AIC2886,"28.49881,77.262405",2900,192,229
1735925293,2025-01-03T17:28:13Z,AIC2886,"28.49762,77.261086",2900,193,222
1735925295,2025-01-03T17:28:15Z,AIC2886,"28.496155,77.259712",2900,194,217
1735925298,2025-01-03T17:28:18Z,AIC2886,"28.494644,77.258553",2900,195,212
1735925301,2025-01-03T17:28:21Z,AIC2886,"28.491898,77.256813",2900,195,205
1735925303,2025-01-03T17:28:23Z,AIC2886,"28.490482,77.25618",2900,195,202
1735925305,2025-01-03T17:28:25Z,AIC2886,"28.488295,77.255211",2900,195,200
1735925307,2025-01-03T17:28:27Z,AIC2886,"28.48645,77.254486",2900,197,198
1735925309,2025-01-03T17:28:29Z,AIC2886,"28.484528,77.253853",2900,196,196
1735925311,2025-01-03T17:28:31Z,AIC2886,"28.482697,77.253273",2900,196,195
1735925313,2025-01-03T17:28:33Z,AIC2886,"28.480799,77.252686",2900,195,195
1735925317,2025-01-03T17:28:37Z,AIC2886,"28.47821,77.2519",2900,196,194
1735925319,2025-01-03T17:28:39Z,AIC2886,"28.476425,77.251419",2900,195,193
1735925321,2025-01-03T17:28:41Z,AIC2886,"28.474375,77.250854",2900,195,193
1735925323,2025-01-03T17:28:43Z,AIC2886,"28.472605,77.250366",2900,195,193
1735925325,2025-01-03T17:28:45Z,AIC2886,"28.470417,77.249771",2900,195,193
1735925328,2025-01-03T17:28:48Z,AIC2886,"28.468689,77.249313",2900,195,193
1735925330,2025-01-03T17:28:50Z,AIC2886,"28.466413,77.248749",2900,195,193
1735925332,2025-01-03T17:28:52Z,AIC2886,"28.464598,77.248215",2900,195,193
1735925334,2025-01-03T17:28:54Z,AIC2886,"28.462923,77.24778",2900,195,193
1735925336,2025-01-03T17:28:56Z,AIC2886,"28.460688,77.247192",2900,196,193
1735925343,2025-01-03T17:29:03Z,AIC2886,"28.454962,77.245682",2900,196,193
1735925351,2025-01-03T17:29:11Z,AIC2886,"28.447586,77.244133",2900,196,184
1735925354,2025-01-03T17:29:14Z,AIC2886,"28.445297,77.24408",2900,197,180
1735925356,2025-01-03T17:29:16Z,AIC2886,"28.442951,77.244225",2900,197,175
1735925358,2025-01-03T17:29:18Z,AIC2886,"28.440994,77.244606",2900,198,170
1735925360,2025-01-03T17:29:20Z,AIC2886,"28.439026,77.245193",2900,199,165
1735925363,2025-01-03T17:29:23Z,AIC2886,"28.437195,77.245979",2900,199,158
1735925365,2025-01-03T17:29:25Z,AIC2886,"28.435503,77.246864",2900,200,153
1735925367,2025-01-03T17:29:27Z,AIC2886,"28.433455,77.248161",2900,200,149
1735925369,2025-01-03T17:29:29Z,AIC2886,"28.431931,77.249466",2900,200,144
1735925371,2025-01-03T17:29:31Z,AIC2886,"28.43042,77.250893",2900,200,139
1735925373,2025-01-03T17:29:33Z,AIC2886,"28.429218,77.252251",2900,201,133
1735925376,2025-01-03T17:29:36Z,AIC2886,"28.427729,77.254189",2900,201,129
1735925378,2025-01-03T17:29:38Z,AIC2886,"28.426613,77.255753",2900,201,127
1735925380,2025-01-03T17:29:40Z,AIC2886,"28.425293,77.257866",2900,202,125
1735925383,2025-01-03T17:29:43Z,AIC2886,"28.423819,77.260277",2900,201,124
1735925385,2025-01-03T17:29:45Z,AIC2886,"28.422562,77.262375",2900,202,123
1735925387,2025-01-03T17:29:47Z,AIC2886,"28.421402,77.264465",2900,202,122
1735925389,2025-01-03T17:29:49Z,AIC2886,"28.42042,77.266251",2900,201,122
1735925392,2025-01-03T17:29:52Z,AIC2886,"28.419479,77.267952",2900,201,121
1735925394,2025-01-03T17:29:54Z,AIC2886,"28.418427,77.269958",2875,201,121
1735925396,2025-01-03T17:29:56Z,AIC2886,"28.417374,77.271866",2875,201,121
1735925398,2025-01-03T17:29:58Z,AIC2886,"28.416229,77.274078",2850,202,120
1735925400,2025-01-03T17:30:00Z,AIC2886,"28.415346,77.275734",2850,202,120
1735925402,2025-01-03T17:30:02Z,AIC2886,"28.41437,77.277565",2825,202,120
1735925404,2025-01-03T17:30:04Z,AIC2886,"28.413162,77.279892",2800,202,120
1735925407,2025-01-03T17:30:07Z,AIC2886,"28.411926,77.282272",2775,202,120
1735925411,2025-01-03T17:30:11Z,AIC2886,"28.410273,77.285477",2750,200,120
1735925419,2025-01-03T17:30:19Z,AIC2886,"28.406479,77.292778",2675,200,120
1735925426,2025-01-03T17:30:26Z,AIC2886,"28.403009,77.299591",2625,200,120
1735925435,2025-01-03T17:30:35Z,AIC2886,"28.39896,77.307449",2550,201,120
1735925441,2025-01-03T17:30:41Z,AIC2886,"28.395859,77.313538",2525,201,120
1735925450,2025-01-03T17:30:50Z,AIC2886,"28.391745,77.321617",2500,201,120
1735925459,2025-01-03T17:30:59Z,AIC2886,"28.387985,77.328964",2500,202,119
1735925465,2025-01-03T17:31:05Z,AIC2886,"28.384918,77.33493",2500,202,119
1735925473,2025-01-03T17:31:13Z,AIC2886,"28.381411,77.341759",2500,202,120
1735925479,2025-01-03T17:31:19Z,AIC2886,"28.378477,77.347466",2500,202,120
1735925488,2025-01-03T17:31:28Z,AIC2886,"28.374023,77.35611",2500,202,120
1735925494,2025-01-03T17:31:34Z,AIC2886,"28.371002,77.36187",2500,202,120
1735925503,2025-01-03T17:31:43Z,AIC2886,"28.367025,77.369598",2500,202,120
1735925510,2025-01-03T17:31:50Z,AIC2886,"28.363586,77.376389",2500,202,117
1735925512,2025-01-03T17:31:52Z,AIC2886,"28.362602,77.37886",2500,202,114
1735925514,2025-01-03T17:31:54Z,AIC2886,"28.361998,77.380745",2500,202,108
1735925517,2025-01-03T17:31:57Z,AIC2886,"28.361532,77.382744",2500,202,106
1735925519,2025-01-03T17:31:59Z,AIC2886,"28.361069,77.385269",2500,202,99
1735925521,2025-01-03T17:32:01Z,AIC2886,"28.36084,77.388115",2500,202,95
1735925523,2025-01-03T17:32:03Z,AIC2886,"28.36084,77.390228",2500,202,90
1735925526,2025-01-03T17:32:06Z,AIC2886,"28.361113,77.393349",2500,201,81
1735925528,2025-01-03T17:32:08Z,AIC2886,"28.361435,77.395248",2500,201,76
1735925531,2025-01-03T17:32:11Z,AIC2886,"28.362259,77.398315",2500,200,72
1735925535,2025-01-03T17:32:15Z,AIC2886,"28.363487,77.401375",2500,199,62
1735925537,2025-01-03T17:32:17Z,AIC2886,"28.364639,77.403595",2500,198,58
1735925539,2025-01-03T17:32:19Z,AIC2886,"28.365692,77.405281",2500,198,53
1735925541,2025-01-03T17:32:21Z,AIC2886,"28.366974,77.406921",2500,196,48
1735925543,2025-01-03T17:32:23Z,AIC2886,"28.368282,77.408432",2500,195,43
1735925545,2025-01-03T17:32:25Z,AIC2886,"28.370041,77.409988",2500,195,36
1735925548,2025-01-03T17:32:28Z,AIC2886,"28.371506,77.411095",2500,194,32
1735925551,2025-01-03T17:32:31Z,AIC2886,"28.374147,77.412735",2500,192,26
1735925553,2025-01-03T17:32:33Z,AIC2886,"28.37615,77.413872",2500,191,25
1735925555,2025-01-03T17:32:35Z,AIC2886,"28.377872,77.414734",2500,191,24
1735925558,2025-01-03T17:32:38Z,AIC2886,"28.379471,77.415482",2500,192,22
1735925560,2025-01-03T17:32:40Z,AIC2886,"28.381224,77.41629",2500,191,21
1735925562,2025-01-03T17:32:42Z,AIC2886,"28.382996,77.417061",2500,190,20
1735925564,2025-01-03T17:32:44Z,AIC2886,"28.384808,77.417801",2500,190,20
1735925566,2025-01-03T17:32:46Z,AIC2886,"28.386623,77.418556",2500,190,20
1735925569,2025-01-03T17:32:49Z,AIC2886,"28.388718,77.419441",2500,190,19
1735925571,2025-01-03T17:32:51Z,AIC2886,"28.390116,77.420006",2500,191,19
1735925573,2025-01-03T17:32:53Z,AIC2886,"28.392117,77.420761",2500,190,19
1735925575,2025-01-03T17:32:55Z,AIC2886,"28.393753,77.421448",2500,190,19
1735925578,2025-01-03T17:32:58Z,AIC2886,"28.396591,77.422554",2500,190,19
1735925581,2025-01-03T17:33:01Z,AIC2886,"28.398788,77.423401",2500,190,19
1735925583,2025-01-03T17:33:03Z,AIC2886,"28.400404,77.424049",2500,190,19
1735925585,2025-01-03T17:33:05Z,AIC2886,"28.402079,77.424744",2500,191,19
1735925593,2025-01-03T17:33:13Z,AIC2886,"28.409201,77.427551",2500,192,19
1735925602,2025-01-03T17:33:22Z,AIC2886,"28.416649,77.430511",2500,191,19
1735925611,2025-01-03T17:33:31Z,AIC2886,"28.423725,77.433365",2500,191,19
1735925619,2025-01-03T17:33:39Z,AIC2886,"28.431198,77.436394",2500,192,19
1735925626,2025-01-03T17:33:46Z,AIC2886,"28.436388,77.438477",2500,192,19
1735925634,2025-01-03T17:33:54Z,AIC2886,"28.44351,77.441391",2500,185,20
1735925641,2025-01-03T17:34:01Z,AIC2886,"28.449097,77.443733",2500,180,20
1735925650,2025-01-03T17:34:10Z,AIC2886,"28.455242,77.446289",2500,175,20
1735925656,2025-01-03T17:34:16Z,AIC2886,"28.460176,77.448387",2500,174,20
1735925660,2025-01-03T17:34:20Z,AIC2886,"28.463608,77.449547",2500,172,12
1735925663,2025-01-03T17:34:23Z,AIC2886,"28.465759,77.449913",2500,171,7
1735925665,2025-01-03T17:34:25Z,AIC2886,"28.467205,77.450005",2500,168,1
1735925667,2025-01-03T17:34:27Z,AIC2886,"28.469208,77.449791",2500,166,354
1735925669,2025-01-03T17:34:29Z,AIC2886,"28.470743,77.449409",2500,163,347
1735925671,2025-01-03T17:34:31Z,AIC2886,"28.472214,77.448807",2500,161,340
1735925674,2025-01-03T17:34:34Z,AIC2886,"28.473583,77.448067",2500,160,332
1735925676,2025-01-03T17:34:36Z,AIC2886,"28.474777,77.447273",2500,160,327
1735925679,2025-01-03T17:34:39Z,AIC2886,"28.476837,77.445587",2500,162,322
1735925681,2025-01-03T17:34:41Z,AIC2886,"28.478073,77.44442",2500,165,319
1735925684,2025-01-03T17:34:44Z,AIC2886,"28.480055,77.442253",2500,169,314
1735925687,2025-01-03T17:34:47Z,AIC2886,"28.481077,77.440903",2500,171,310
1735925689,2025-01-03T17:34:49Z,AIC2886,"28.482288,77.439178",2500,172,306
1735925691,2025-01-03T17:34:51Z,AIC2886,"28.483267,77.437561",2500,172,303
1735925694,2025-01-03T17:34:54Z,AIC2886,"28.484476,77.435196",2500,172,298
1735925696,2025-01-03T17:34:56Z,AIC2886,"28.485174,77.433578",2500,172,296
1735925698,2025-01-03T17:34:58Z,AIC2886,"28.485872,77.431801",2500,174,293
1735925701,2025-01-03T17:35:01Z,AIC2886,"28.486618,77.429703",2500,173,291
1735925703,2025-01-03T17:35:03Z,AIC2886,"28.487137,77.428047",2500,174,290
1735925705,2025-01-03T17:35:05Z,AIC2886,"28.487642,77.426361",2500,172,288
1735925707,2025-01-03T17:35:07Z,AIC2886,"28.488247,77.424263",2500,173,287
1735925709,2025-01-03T17:35:09Z,AIC2886,"28.48876,77.422432",2500,174,287
1735925712,2025-01-03T17:35:12Z,AIC2886,"28.489334,77.420288",2500,173,286
1735925714,2025-01-03T17:35:14Z,AIC2886,"28.489929,77.418121",2500,173,286
1735925716,2025-01-03T17:35:16Z,AIC2886,"28.490295,77.416748",2500,173,286
1735925718,2025-01-03T17:35:18Z,AIC2886,"28.490845,77.414528",2500,174,286
1735925721,2025-01-03T17:35:21Z,AIC2886,"28.491486,77.411995",2500,173,285
1735925723,2025-01-03T17:35:23Z,AIC2886,"28.491972,77.41021",2500,173,285
1735925725,2025-01-03T17:35:25Z,AIC2886,"28.492401,77.408401",2500,173,284
1735925727,2025-01-03T17:35:27Z,AIC2886,"28.492855,77.406326",2500,173,284
1735925730,2025-01-03T17:35:30Z,AIC2886,"28.493275,77.404442",2500,174,283
1735925732,2025-01-03T17:35:32Z,AIC2886,"28.493647,77.402664",2500,173,283
1735925734,2025-01-03T17:35:34Z,AIC2886,"28.494049,77.400848",2500,174,283
1735925742,2025-01-03T17:35:42Z,AIC2886,"28.495605,77.393509",2500,173,284
1735925752,2025-01-03T17:35:52Z,AIC2886,"28.497557,77.385109",2500,172,284
1735925759,2025-01-03T17:35:59Z,AIC2886,"28.49913,77.378662",2500,172,285
1735925768,2025-01-03T17:36:08Z,AIC2886,"28.501049,77.370354",2500,172,284
1735925777,2025-01-03T17:36:17Z,AIC2886,"28.502975,77.362129",2500,171,284
1735925785,2025-01-03T17:36:25Z,AIC2886,"28.50444,77.355789",2500,165,284
1735925792,2025-01-03T17:36:32Z,AIC2886,"28.505859,77.349876",2500,160,285
1735925800,2025-01-03T17:36:40Z,AIC2886,"28.507233,77.344116",2500,160,284
1735925806,2025-01-03T17:36:46Z,AIC2886,"28.508514,77.338577",2500,159,284
1735925815,2025-01-03T17:36:55Z,AIC2886,"28.510033,77.332008",2500,158,284
1735925821,2025-01-03T17:37:01Z,AIC2886,"28.511198,77.326897",2500,157,284
1735925828,2025-01-03T17:37:08Z,AIC2886,"28.512688,77.320595",2500,157,284
1735925835,2025-01-03T17:37:15Z,AIC2886,"28.51387,77.315598",2500,158,284
1735925844,2025-01-03T17:37:24Z,AIC2886,"28.515472,77.308678",2500,158,284
1735925850,2025-01-03T17:37:30Z,AIC2886,"28.516691,77.303467",2500,158,285
1735925858,2025-01-03T17:37:38Z,AIC2886,"28.518265,77.296692",2500,158,284
1735925866,2025-01-03T17:37:46Z,AIC2886,"28.519638,77.290718",2500,158,284
1735925874,2025-01-03T17:37:54Z,AIC2886,"28.521299,77.283646",2500,158,284
1735925882,2025-01-03T17:38:02Z,AIC2886,"28.522614,77.277885",2500,158,284
1735925888,2025-01-03T17:38:08Z,AIC2886,"28.523758,77.273079",2500,159,284
1735925897,2025-01-03T17:38:17Z,AIC2886,"28.525406,77.265892",2500,159,284
1735925904,2025-01-03T17:38:24Z,AIC2886,"28.526747,77.26001",2500,160,284
1735925910,2025-01-03T17:38:30Z,AIC2886,"28.528015,77.254646",2500,159,284
1735925917,2025-01-03T17:38:37Z,AIC2886,"28.529213,77.249451",2500,159,284
1735925925,2025-01-03T17:38:45Z,AIC2886,"28.530807,77.242447",2500,159,284
1735925934,2025-01-03T17:38:54Z,AIC2886,"28.532364,77.23568",2500,158,284
1735925944,2025-01-03T17:39:04Z,AIC2886,"28.534147,77.22818",2500,145,284
1735925953,2025-01-03T17:39:13Z,AIC2886,"28.535637,77.221611",2425,142,284
1735925959,2025-01-03T17:39:19Z,AIC2886,"28.536621,77.2173",2350,139,284
1735925967,2025-01-03T17:39:27Z,AIC2886,"28.537949,77.211441",2250,134,285
1735925976,2025-01-03T17:39:36Z,AIC2886,"28.539314,77.205772",2125,128,284
1735925984,2025-01-03T17:39:44Z,AIC2886,"28.540571,77.200386",2050,125,284
1735925991,2025-01-03T17:39:51Z,AIC2886,"28.541565,77.196175",1975,124,284
1735926000,2025-01-03T17:40:00Z,AIC2886,"28.542847,77.190468",1875,124,284
1735926008,2025-01-03T17:40:08Z,AIC2886,"28.544064,77.185043",1775,127,284
1735926015,2025-01-03T17:40:15Z,AIC2886,"28.54509,77.180649",1700,127,285
1735926023,2025-01-03T17:40:23Z,AIC2886,"28.546391,77.175133",1600,127,285
1735926030,2025-01-03T17:40:30Z,AIC2886,"28.547369,77.171036",1525,129,284
1735926037,2025-01-03T17:40:37Z,AIC2886,"28.548477,77.166382",1475,129,284
1735926043,2025-01-03T17:40:43Z,AIC2886,"28.549417,77.162209",1400,129,284
1735926051,2025-01-03T17:40:51Z,AIC2886,"28.550581,77.157089",1325,130,284
1735926059,2025-01-03T17:40:59Z,AIC2886,"28.55191,77.151329",1225,133,284
1735926068,2025-01-03T17:41:08Z,AIC2886,"28.553234,77.145622",1125,132,284
1735926076,2025-01-03T17:41:16Z,AIC2886,"28.554474,77.140236",1025,130,284
1735926085,2025-01-03T17:41:25Z,AIC2886,"28.555664,77.13501",925,126,284
1735926091,2025-01-03T17:41:31Z,AIC2886,"28.556671,77.130569",850,125,284
1735926098,2025-01-03T17:41:38Z,AIC2886,"28.557816,77.125717",775,128,284
1735926105,2025-01-03T17:41:45Z,AIC2886,"28.558731,77.121857",700,129,284
1735926113,2025-01-03T17:41:53Z,AIC2886,"28.559921,77.116631",625,125,284
1735926121,2025-01-03T17:42:01Z,AIC2886,"28.560997,77.111931",0,100,284
1735926127,2025-01-03T17:42:07Z,AIC2886,"28.561695,77.108887",0,72,284
1735926134,2025-01-03T17:42:14Z,AIC2886,"28.562206,77.106735",0,60,284
1735926141,2025-01-03T17:42:21Z,AIC2886,"28.562649,77.104744",0,51,284
1735926148,2025-01-03T17:42:28Z,AIC2886,"28.563011,77.103172",0,37,284
1735926153,2025-01-03T17:42:33Z,AIC2886,"28.563171,77.102303",0,33,278
1735926156,2025-01-03T17:42:36Z,AIC2886,"28.563194,77.101868",0,31,272
1735926157,2025-01-03T17:42:37Z,AIC2886,"28.563196,77.101624",0,31,270
1735926159,2025-01-03T17:42:39Z,AIC2886,"28.563173,77.10128",0,32,267
1735926162,2025-01-03T17:42:42Z,AIC2886,"28.563139,77.100868",0,30,264
1735926164,2025-01-03T17:42:44Z,AIC2886,"28.563091,77.100555",0,27,261
1735926166,2025-01-03T17:42:46Z,AIC2886,"28.563046,77.100304",0,24,255
1735926168,2025-01-03T17:42:48Z,AIC2886,"28.562965,77.099976",0,19,255
1735926172,2025-01-03T17:42:52Z,AIC2886,"28.562893,77.099693",0,17,255
1735926175,2025-01-03T17:42:55Z,AIC2886,"28.562828,77.099411",0,18,253
1735926177,2025-01-03T17:42:57Z,AIC2886,"28.562771,77.099182",0,18,253
1735926181,2025-01-03T17:43:01Z,AIC2886,"28.562696,77.098831",0,17,253
1735926189,2025-01-03T17:43:09Z,AIC2886,"28.562555,77.09832",0,11,253
1735926196,2025-01-03T17:43:16Z,AIC2886,"28.562464,77.097893",0,11,253
1735926203,2025-01-03T17:43:23Z,AIC2886,"28.56237,77.097504",0,11,253
1735926209,2025-01-03T17:43:29Z,AIC2886,"28.562231,77.097282",0,8,233
1735926215,2025-01-03T17:43:35Z,AIC2886,"28.562016,77.097191",0,8,202
1735926221,2025-01-03T17:43:41Z,AIC2886,"28.5618,77.097122",0,8,196
1735926226,2025-01-03T17:43:46Z,AIC2886,"28.561581,77.097061",0,9,194
1735926232,2025-01-03T17:43:52Z,AIC2886,"28.561323,77.096977",0,11,194
1735926240,2025-01-03T17:44:00Z,AIC2886,"28.560904,77.096855",0,13,194
1735926246,2025-01-03T17:44:06Z,AIC2886,"28.56052,77.096748",0,14,194
1735926254,2025-01-03T17:44:14Z,AIC2886,"28.560101,77.096611",0,11,199
1735926259,2025-01-03T17:44:19Z,AIC2886,"28.559925,77.096359",0,10,236
1735926263,2025-01-03T17:44:23Z,AIC2886,"28.559938,77.096138",0,10,267
1735926268,2025-01-03T17:44:28Z,AIC2886,"28.55999,77.095886",0,12,281
1735926271,2025-01-03T17:44:31Z,AIC2886,"28.56003,77.09568",0,13,284
1735926274,2025-01-03T17:44:34Z,AIC2886,"28.560093,77.095474",0,13,284
1735926277,2025-01-03T17:44:37Z,AIC2886,"28.56015,77.095222",0,15,284
1735926281,2025-01-03T17:44:41Z,AIC2886,"28.560196,77.095001",0,15,284
1735926286,2025-01-03T17:44:46Z,AIC2886,"28.56031,77.094498",0,16,284
1735926295,2025-01-03T17:44:55Z,AIC2886,"28.560472,77.093811",0,18,284
1735926301,2025-01-03T17:45:01Z,AIC2886,"28.560648,77.09304",0,20,284
1735926308,2025-01-03T17:45:08Z,AIC2886,"28.560768,77.092476",0,16,284
1735926315,2025-01-03T17:45:15Z,AIC2886,"28.560894,77.092003",0,10,284
1735926323,2025-01-03T17:45:23Z,AIC2886,"28.560949,77.091721",0,6,284
1735926338,2025-01-03T17:45:38Z,AIC2886,"28.560997,77.091515",0,2,284
1735926358,2025-01-03T17:45:58Z,AIC2886,"28.561054,77.091301",0,4,284
1735926364,2025-01-03T17:46:04Z,AIC2886,"28.5611,77.091087",0,7,284
1735926372,2025-01-03T17:46:12Z,AIC2886,"28.561171,77.090797",0,9,284
1735926379,2025-01-03T17:46:19Z,AIC2886,"28.561249,77.090416",0,11,284
1735926387,2025-01-03T17:46:27Z,AIC2886,"28.561363,77.089943",0,12,284
1735926395,2025-01-03T17:46:35Z,AIC2886,"28.561489,77.089386",0,14,284
1735926402,2025-01-03T17:46:42Z,AIC2886,"28.561625,77.088829",0,15,284
1735926408,2025-01-03T17:46:48Z,AIC2886,"28.561752,77.08828",0,16,284
1735926417,2025-01-03T17:46:57Z,AIC2886,"28.561928,77.087578",0,18,284
1735926424,2025-01-03T17:47:04Z,AIC2886,"28.56209,77.086838",0,19,284
1735926431,2025-01-03T17:47:11Z,AIC2886,"28.562233,77.08622",0,12,284
1735926438,2025-01-03T17:47:18Z,AIC2886,"28.562311,77.085884",0,8,284
1735926446,2025-01-03T17:47:26Z,AIC2886,"28.56237,77.085609",0,7,284
1735926453,2025-01-03T17:47:33Z,AIC2886,"28.562428,77.085396",0,6,284
1735926461,2025-01-03T17:47:41Z,AIC2886,"28.562475,77.085182",0,4,284
1735926470,2025-01-03T17:47:50Z,AIC2886,"28.562519,77.084976",0,5,284
1735926481,2025-01-03T17:48:01Z,AIC2886,"28.562569,77.084763",0,4,284
1735926493,2025-01-03T17:48:13Z,AIC2886,"28.562622,77.084541",0,4,284
1735926504,2025-01-03T17:48:24Z,AIC2886,"28.562668,77.084328",0,4,284
1735926519,2025-01-03T17:48:39Z,AIC2886,"28.562719,77.084114",0,3,284
1735926527,2025-01-03T17:48:47Z,AIC2886,"28.562777,77.0839",0,6,284
1735926538,2025-01-03T17:48:58Z,AIC2886,"28.562824,77.083656",0,4,284
1735926545,2025-01-03T17:49:05Z,AIC2886,"28.562881,77.083443",0,6,284
1735926553,2025-01-03T17:49:13Z,AIC2886,"28.562931,77.083206",0,6,284
1735926561,2025-01-03T17:49:21Z,AIC2886,"28.562988,77.082954",0,6,284
1735926568,2025-01-03T17:49:28Z,AIC2886,"28.563046,77.082741",0,5,284
1735926577,2025-01-03T17:49:37Z,AIC2886,"28.563091,77.082535",0,5,284
1735926585,2025-01-03T17:49:45Z,AIC2886,"28.563139,77.082314",0,6,284
1735926593,2025-01-03T17:49:53Z,AIC2886,"28.563206,77.082062",0,6,284
1735926602,2025-01-03T17:50:02Z,AIC2886,"28.563255,77.081841",0,3,284
1735926611,2025-01-03T17:50:11Z,AIC2886,"28.563301,77.081627",0,6,284
1735926619,2025-01-03T17:50:19Z,AIC2886,"28.563358,77.081398",0,5,284
1735926628,2025-01-03T17:50:28Z,AIC2886,"28.563383,77.081184",0,4,278
1735926637,2025-01-03T17:50:37Z,AIC2886,"28.563332,77.080963",0,5,255
1735926651,2025-01-03T17:50:51Z,AIC2886,"28.563114,77.08075",0,4,219
1735926662,2025-01-03T17:51:02Z,AIC2886,"28.562893,77.080673",0,5,196
1735926673,2025-01-03T17:51:13Z,AIC2886,"28.562672,77.080605",0,4,194
1735926685,2025-01-03T17:51:25Z,AIC2886,"28.562464,77.080551",0,4,194
1735926694,2025-01-03T17:51:34Z,AIC2886,"28.562231,77.080467",0,7,194
1735926701,2025-01-03T17:51:41Z,AIC2886,"28.562004,77.080406",0,7,194
1735926709,2025-01-03T17:51:49Z,AIC2886,"28.561741,77.08033",0,7,194
1735926717,2025-01-03T17:51:57Z,AIC2886,"28.561512,77.080261",0,5,194
1735926726,2025-01-03T17:52:06Z,AIC2886,"28.561295,77.0802",0,7,194
1735926733,2025-01-03T17:52:13Z,AIC2886,"28.560986,77.080101",0,11,194
1735926740,2025-01-03T17:52:20Z,AIC2886,"28.560585,77.079987",0,15,194
1735926747,2025-01-03T17:52:27Z,AIC2886,"28.56007,77.079826",0,18,194
1735926755,2025-01-03T17:52:35Z,AIC2886,"28.559553,77.079674",0,15,194
1735926762,2025-01-03T17:52:42Z,AIC2886,"28.559189,77.079575",0,6,194
1735926772,2025-01-03T17:52:52Z,AIC2886,"28.558926,77.079498",0,7,194
1735926780,2025-01-03T17:53:00Z,AIC2886,"28.558674,77.079414",0,8,194
1735926787,2025-01-03T17:53:07Z,AIC2886,"28.558435,77.079353",0,6,194
1735926795,2025-01-03T17:53:15Z,AIC2886,"28.55817,77.079269",0,7,194
1735926803,2025-01-03T17:53:23Z,AIC2886,"28.557947,77.079201",0,6,194
1735926810,2025-01-03T17:53:30Z,AIC2886,"28.557747,77.079155",0,6,194
1735926818,2025-01-03T17:53:38Z,AIC2886,"28.557541,77.079086",0,6,194
1735926826,2025-01-03T17:53:46Z,AIC2886,"28.557335,77.079025",0,6,194
1735926833,2025-01-03T17:53:53Z,AIC2886,"28.55711,77.078964",0,7,194
1735926841,2025-01-03T17:54:01Z,AIC2886,"28.556807,77.078865",0,9,194
1735926848,2025-01-03T17:54:08Z,AIC2886,"28.556562,77.078796",0,7,194
1735926855,2025-01-03T17:54:15Z,AIC2886,"28.556318,77.07872",0,8,194
1735926862,2025-01-03T17:54:22Z,AIC2886,"28.556108,77.078667",0,5,194
1735926871,2025-01-03T17:54:31Z,AIC2886,"28.555893,77.078598",0,6,194
1735926878,2025-01-03T17:54:38Z,AIC2886,"28.555664,77.078537",0,8,194
1735926890,2025-01-03T17:54:50Z,AIC2886,"28.555332,77.07843",0,3,194
1735926900,2025-01-03T17:55:00Z,AIC2886,"28.555132,77.078369",0,5,194
1735926909,2025-01-03T17:55:09Z,AIC2886,"28.55492,77.078308",0,5,194
1735926920,2025-01-03T17:55:20Z,AIC2886,"28.554701,77.078247",0,4,194
1735926931,2025-01-03T17:55:31Z,AIC2886,"28.554485,77.078178",0,5,194
1735926946,2025-01-03T17:55:46Z,AIC2886,"28.554281,77.078125",0,3,194
1735926959,2025-01-03T17:55:59Z,AIC2886,"28.554062,77.078056",0,4,194
1735926970,2025-01-03T17:56:10Z,AIC2886,"28.553856,77.077995",0,4,194
1735927155,2025-01-03T17:59:15Z,AIC2886,"28.553616,77.077927",0,1,194
1735927185,2025-01-03T17:59:45Z,AIC2886,"28.553408,77.077873",0,1,194
1735927212,2025-01-03T18:00:12Z,AIC2886,"28.553204,77.077805",0,2,194
1735927230,2025-01-03T18:00:30Z,AIC2886,"28.553001,77.077736",0,3,194
1735927245,2025-01-03T18:00:45Z,AIC2886,"28.552792,77.077675",0,3,194
1735927257,2025-01-03T18:00:57Z,AIC2886,"28.552586,77.077621",0,4,194
1735927270,2025-01-03T18:01:10Z,AIC2886,"28.552385,77.07756",0,3,194
1735927282,2025-01-03T18:01:22Z,AIC2886,"28.552174,77.077499",0,4,194
1735927295,2025-01-03T18:01:35Z,AIC2886,"28.551956,77.077438",0,4,194
1735927305,2025-01-03T18:01:45Z,AIC2886,"28.551756,77.07737",0,5,194
1735927317,2025-01-03T18:01:57Z,AIC2886,"28.551556,77.077385",0,4,177
1735927333,2025-01-03T18:02:13Z,AIC2886,"28.551348,77.07753",0,3,146
1735927347,2025-01-03T18:02:27Z,AIC2886,"28.551256,77.077736",0,4,123
1735927358,2025-01-03T18:02:38Z,AIC2886,"28.551208,77.077965",0,3,106
1735927370,2025-01-03T18:02:50Z,AIC2886,"28.551151,77.078178",0,5,104
1735927381,2025-01-03T18:03:01Z,AIC2886,"28.551104,77.078384",0,3,104
1735927392,2025-01-03T18:03:12Z,AIC2886,"28.551046,77.078636",0,4,104
1735927429,2025-01-03T18:03:49Z,AIC2886,"28.550858,77.079483",0,5,104
1735927440,2025-01-03T18:04:00Z,AIC2886,"28.550802,77.079712",0,4,104
1735927460,2025-01-03T18:04:20Z,AIC2886,"28.550732,77.08004",0,0,104
1735927492,2025-01-03T18:04:52Z,AIC2886,"28.550583,77.080658",0,0,104
